FIN,PATIENT_ID,MS_DRG,TARGET_PRICE,AGE,COMORBIDITY_COUNT,POST_ACUTE_CCN,POST_ACUTE_SETTING,POST_ACUTE_DAYS
004821,1,481,43790.0,82,7,,home,0
004960,2,482,32700.0,72,2,,home,0
005190,3,480,51450.0,85,5,265001,snf,18
005380,4,481,40990.0,87,3,267012,hha,11
005620,5,481,39910.0,78,3,,home,0
005700,6,480,51450.0,85,5,265101,snf,18
005800,7,481,39790.0,77,3,,home,0
005890,8,481,38700.0,74,2,263025,irf,12
005970,9,481,41000.0,80,4,,home,0
006051,10,482,32820.0,76,2,267045,hha,13
006131,11,482,34620.0,91,2,265001,snf,21
006211,12,482,31850.0,70,1,,home,0
006291,13,481,38940.0,77,2,,home,0
006371,14,481,42930.0,89,5,261500,hospice,20
006451,15,482,31850.0,70,1,,home,0
006531,16,482,32700.0,72,2,,home,0
006611,17,480,50600.0,85,4,265102,snf,14
006691,18,481,41960.0,88,4,267012,hha,9
006772,19,481,39180.0,79,2,,home,0
006852,20,480,51570.0,86,5,265101,snf,21
006940,21,481,39790.0,77,3,,home,0
007021,22,481,39550.0,74,3,263025,irf,13
007101,23,481,41120.0,81,4,,home,0
007281,24,482,33670.0,76,3,267012,hha,12
007361,25,482,34620.0,91,2,265103,snf,15
007441,26,482,31850.0,70,1,,home,0
007521,27,481,39060.0,78,2,,home,0
007601,28,482,32700.0,72,2,,home,0
007681,29,481,40030.0,79,3,,home,0
007761,30,482,31850.0,70,1,,home,0
007841,31,482,32700.0,72,2,,home,0
007921,32,480,52420.0,86,6,265001,snf,17
008001,33,481,42810.0,88,5,267012,hha,12
008082,34,481,40030.0,79,3,,home,0
008162,35,480,51570.0,86,5,265101,snf,15
008243,36,481,40760.0,78,4,,home,0
008324,37,481,38700.0,74,2,263025,irf,10
008404,38,481,41120.0,81,4,,home,0
008485,39,482,32820.0,76,2,267012,hha,15
008565,40,482,34740.0,92,2,265102,snf,19
008645,41,482,31850.0,70,1,,home,0
008725,42,481,39060.0,78,2,,home,0
008805,43,482,32700.0,72,2,,home,0
008885,44,480,52420.0,86,6,265001,snf,21
008965,45,481,41960.0,88,4,267045,hha,11
009125,46,481,40030.0,79,3,,home,0
009205,47,480,51570.0,86,5,265103,snf,14
009365,48,481,39910.0,78,3,,home,0
009446,49,481,39550.0,74,3,263025,irf,11
009526,50,482,31850.0,70,1,,home,0
