BENE_ID,CLM_ID,FIN,CLM_FROM_DT,CLM_THRU_DT,PRVDR_CCN,PRVDR_NPI,CLM_TYPE,DRG_CD,HCPCS_CD,LINE_PMT_AMT,POS_CD,FILE_RECEIVED_DT
SYN-MBI-000048,D1546302977004821001,004821,2026-02-02,2026-02-02,,1546302977,P,,E0163,180.00,12,2026-03-13
SYN-MBI-000048,T1730289455004821002,004821,2026-02-05,2026-02-05,,1730289455,P,,97161,105.00,11,2026-04-01
SYN-MBI-000048,T1730289455004821003,004821,2026-02-07,2026-02-07,,1730289455,P,,97110,85.00,11,2026-03-21
SYN-MBI-000048,T1730289455004821004,004821,2026-02-09,2026-02-09,,1730289455,P,,97110,85.00,11,2026-04-09
SYN-MBI-000048,T1730289455004821005,004821,2026-02-11,2026-02-11,,1730289455,P,,97110,85.00,11,2026-04-11
SYN-MBI-000048,T1730289455004821006,004821,2026-02-13,2026-02-13,,1730289455,P,,97110,85.00,11,2026-03-21
SYN-MBI-000048,T1730289455004821007,004821,2026-02-15,2026-02-15,,1730289455,P,,97110,85.00,11,2026-04-04
SYN-MBI-000048,T1730289455004821008,004821,2026-02-17,2026-02-17,,1730289455,P,,97110,85.00,11,2026-04-04
SYN-MBI-000048,T1730289455004821009,004821,2026-02-19,2026-02-19,,1730289455,P,,97110,85.00,11,2026-03-28
SYN-MBI-000048,T1730289455004821010,004821,2026-02-21,2026-02-21,,1730289455,P,,97110,85.00,11,2026-03-25
SYN-MBI-000048,T1730289455004821011,004821,2026-02-23,2026-02-23,,1730289455,P,,97110,85.00,11,2026-04-02
SYN-MBI-000048,T1730289455004821012,004821,2026-02-25,2026-02-25,,1730289455,P,,97110,85.00,11,2026-04-05
SYN-MBI-000048,T1730289455004821013,004821,2026-02-27,2026-02-27,,1730289455,P,,97110,85.00,11,2026-04-18
SYN-MBI-000048,T1730289455004821014,004821,2026-03-01,2026-03-01,,1730289455,P,,97110,85.00,11,2026-04-22
SYN-MBI-000052,D1546302977004960001,004960,2026-02-08,2026-02-08,,1546302977,P,,E0260,310.00,12,2026-04-02
SYN-MBI-000052,T1730289455004960002,004960,2026-02-10,2026-02-10,,1730289455,P,,97161,105.00,11,2026-03-25
SYN-MBI-000052,T1730289455004960003,004960,2026-02-12,2026-02-12,,1730289455,P,,97110,85.00,11,2026-03-27
SYN-MBI-000052,T1730289455004960004,004960,2026-02-14,2026-02-14,,1730289455,P,,97110,85.00,11,2026-03-23
SYN-MBI-000052,T1730289455004960005,004960,2026-02-16,2026-02-16,,1730289455,P,,97110,85.00,11,2026-04-05
SYN-MBI-000052,T1730289455004960006,004960,2026-02-18,2026-02-18,,1730289455,P,,97110,85.00,11,2026-03-26
SYN-MBI-000052,T1730289455004960007,004960,2026-02-20,2026-02-20,,1730289455,P,,97110,85.00,11,2026-04-16
SYN-MBI-000052,T1730289455004960008,004960,2026-02-22,2026-02-22,,1730289455,P,,97110,85.00,11,2026-03-29
SYN-MBI-000052,T1730289455004960009,004960,2026-02-24,2026-02-24,,1730289455,P,,97110,85.00,11,2026-03-29
SYN-MBI-000052,T1730289455004960010,004960,2026-02-26,2026-02-26,,1730289455,P,,97110,85.00,11,2026-04-02
SYN-MBI-000052,T1730289455004960011,004960,2026-02-28,2026-02-28,,1730289455,P,,97110,85.00,11,2026-04-14
SYN-MBI-000052,T1730289455004960012,004960,2026-03-02,2026-03-02,,1730289455,P,,97110,85.00,11,2026-04-21
SYN-MBI-000052,T1730289455004960013,004960,2026-03-04,2026-03-04,,1730289455,P,,97110,85.00,11,2026-04-05
SYN-MBI-000061,A265001005190001,005190,2026-02-13,2026-03-02,265001,,I,,,31050.00,31,2026-04-10
SYN-MBI-000061,D1546302977005190002,005190,2026-02-15,2026-02-15,,1546302977,P,,E0163,180.00,12,2026-04-01
SYN-MBI-000061,T1730289455005190003,005190,2026-03-07,2026-03-07,,1730289455,P,,97161,105.00,11,2026-04-19
SYN-MBI-000061,T1730289455005190004,005190,2026-03-09,2026-03-09,,1730289455,P,,97110,85.00,11,2026-04-20
SYN-MBI-000061,T1730289455005190005,005190,2026-03-11,2026-03-11,,1730289455,P,,97110,85.00,11,2026-04-14
SYN-MBI-000061,T1730289455005190006,005190,2026-03-13,2026-03-13,,1730289455,P,,97110,85.00,11,2026-04-13
SYN-MBI-000073,V267012005380001,005380,2026-02-17,2026-02-17,267012,,I,,G0299,168.00,12,2026-03-28
SYN-MBI-000073,V267012005380002,005380,2026-02-19,2026-02-19,267012,,I,,G0299,168.00,12,2026-04-08
SYN-MBI-000073,V267012005380003,005380,2026-02-21,2026-02-21,267012,,I,,G0299,168.00,12,2026-04-20
SYN-MBI-000073,V267012005380004,005380,2026-02-24,2026-02-24,267012,,I,,G0299,168.00,12,2026-04-09
SYN-MBI-000073,V267012005380005,005380,2026-02-26,2026-02-26,267012,,I,,G0299,168.00,12,2026-04-22
SYN-MBI-000073,V267012005380006,005380,2026-02-28,2026-02-28,267012,,I,,G0299,168.00,12,2026-04-11
SYN-MBI-000073,V267012005380007,005380,2026-03-03,2026-03-03,267012,,I,,G0299,168.00,12,2026-04-07
SYN-MBI-000073,V267012005380008,005380,2026-03-05,2026-03-05,267012,,I,,G0299,168.00,12,2026-05-01
SYN-MBI-000073,V267012005380009,005380,2026-03-07,2026-03-07,267012,,I,,G0299,168.00,12,2026-04-14
SYN-MBI-000073,V267012005380010,005380,2026-03-10,2026-03-10,267012,,I,,G0299,168.00,12,2026-05-04
SYN-MBI-000073,V267012005380011,005380,2026-03-12,2026-03-12,267012,,I,,G0299,168.00,12,2026-04-16
SYN-MBI-000073,D1546302977005380012,005380,2026-02-18,2026-02-18,,1546302977,P,,E0163,180.00,12,2026-04-13
SYN-MBI-000073,T1730289455005380013,005380,2026-02-20,2026-02-20,,1730289455,P,,97161,105.00,11,2026-03-27
SYN-MBI-000073,T1730289455005380014,005380,2026-02-22,2026-02-22,,1730289455,P,,97110,85.00,11,2026-04-18
SYN-MBI-000073,T1730289455005380015,005380,2026-02-24,2026-02-24,,1730289455,P,,97110,85.00,11,2026-04-10
SYN-MBI-000073,T1730289455005380016,005380,2026-02-26,2026-02-26,,1730289455,P,,97110,85.00,11,2026-04-12
SYN-MBI-000073,T1730289455005380017,005380,2026-02-28,2026-02-28,,1730289455,P,,97110,85.00,11,2026-04-06
SYN-MBI-000073,T1730289455005380018,005380,2026-03-02,2026-03-02,,1730289455,P,,97110,85.00,11,2026-04-30
SYN-MBI-000073,T1730289455005380019,005380,2026-03-04,2026-03-04,,1730289455,P,,97110,85.00,11,2026-04-29
SYN-MBI-000073,T1730289455005380020,005380,2026-03-06,2026-03-06,,1730289455,P,,97110,85.00,11,2026-04-07
SYN-MBI-000073,T1730289455005380021,005380,2026-03-08,2026-03-08,,1730289455,P,,97110,85.00,11,2026-05-04
SYN-MBI-000073,T1730289455005380022,005380,2026-03-10,2026-03-10,,1730289455,P,,97110,85.00,11,2026-05-08
SYN-MBI-000073,T1730289455005380023,005380,2026-03-12,2026-03-12,,1730289455,P,,97110,85.00,11,2026-05-10
SYN-MBI-000073,T1730289455005380024,005380,2026-03-14,2026-03-14,,1730289455,P,,97110,85.00,11,2026-05-13
SYN-MBI-000073,T1730289455005380025,005380,2026-03-16,2026-03-16,,1730289455,P,,97110,85.00,11,2026-04-29
SYN-MBI-000085,D1546302977005620001,005620,2026-02-20,2026-02-20,,1546302977,P,,E0163,180.00,12,2026-03-31
SYN-MBI-000085,D1546302977005620002,005620,2026-02-22,2026-02-22,,1546302977,P,,E0114,95.00,12,2026-04-22
SYN-MBI-000085,D1546302977005620003,005620,2026-02-20,2026-02-20,,1546302977,P,,E0143,143.00,12,2026-04-07
SYN-MBI-000085,T1730289455005620004,005620,2026-02-25,2026-02-25,,1730289455,P,,97161,105.00,11,2026-04-20
SYN-MBI-000085,T1730289455005620005,005620,2026-02-27,2026-02-27,,1730289455,P,,97110,85.00,11,2026-04-09
SYN-MBI-000085,T1730289455005620006,005620,2026-03-01,2026-03-01,,1730289455,P,,97110,85.00,11,2026-04-27
SYN-MBI-000085,T1730289455005620007,005620,2026-03-03,2026-03-03,,1730289455,P,,97110,85.00,11,2026-04-13
SYN-MBI-000085,T1730289455005620008,005620,2026-03-05,2026-03-05,,1730289455,P,,97110,85.00,11,2026-04-23
SYN-MBI-000085,T1730289455005620009,005620,2026-03-07,2026-03-07,,1730289455,P,,97110,85.00,11,2026-04-06
SYN-MBI-000085,T1730289455005620010,005620,2026-03-09,2026-03-09,,1730289455,P,,97110,85.00,11,2026-04-23
SYN-MBI-000085,T1730289455005620011,005620,2026-03-11,2026-03-11,,1730289455,P,,97110,85.00,11,2026-04-26
SYN-MBI-000085,T1730289455005620012,005620,2026-03-13,2026-03-13,,1730289455,P,,97110,85.00,11,2026-04-23
SYN-MBI-000085,T1730289455005620013,005620,2026-03-15,2026-03-15,,1730289455,P,,97110,85.00,11,2026-05-07
SYN-MBI-000085,T1730289455005620014,005620,2026-03-17,2026-03-17,,1730289455,P,,97110,85.00,11,2026-04-28
SYN-MBI-000085,T1730289455005620015,005620,2026-03-19,2026-03-19,,1730289455,P,,97110,85.00,11,2026-04-23
SYN-MBI-000085,T1730289455005620016,005620,2026-03-21,2026-03-21,,1730289455,P,,97110,85.00,11,2026-05-04
SYN-MBI-000086,A265101005700001,005700,2026-02-27,2026-03-16,265101,,I,,,9810.00,31,2026-04-17
SYN-MBI-000086,D1546302977005700002,005700,2026-03-01,2026-03-01,,1546302977,P,,E0170,265.00,12,2026-04-07
SYN-MBI-000087,D1546302977005800001,005800,2026-03-05,2026-03-05,,1546302977,P,,E0260,310.00,12,2026-04-25
SYN-MBI-000087,T1730289455005800002,005800,2026-03-08,2026-03-08,,1730289455,P,,97161,105.00,11,2026-04-21
SYN-MBI-000087,T1730289455005800003,005800,2026-03-10,2026-03-10,,1730289455,P,,97110,85.00,11,2026-05-04
SYN-MBI-000087,T1730289455005800004,005800,2026-03-12,2026-03-12,,1730289455,P,,97110,85.00,11,2026-05-01
SYN-MBI-000087,T1730289455005800005,005800,2026-03-14,2026-03-14,,1730289455,P,,97110,85.00,11,2026-04-26
SYN-MBI-000087,T1730289455005800006,005800,2026-03-16,2026-03-16,,1730289455,P,,97110,85.00,11,2026-04-25
SYN-MBI-000087,T1730289455005800007,005800,2026-03-18,2026-03-18,,1730289455,P,,97110,85.00,11,2026-04-23
SYN-MBI-000087,T1730289455005800008,005800,2026-03-20,2026-03-20,,1730289455,P,,97110,85.00,11,2026-05-13
SYN-MBI-000088,A263025005890001,005890,2026-03-08,2026-03-19,263025,,I,,,20220.00,61,2026-04-25
SYN-MBI-000088,T1730289455005890002,005890,2026-03-30,2026-03-30,,1730289455,P,,97161,105.00,11,2026-05-01
SYN-MBI-000088,T1730289455005890003,005890,2026-04-01,2026-04-01,,1730289455,P,,97110,85.00,11,2026-05-20
SYN-MBI-000088,T1730289455005890004,005890,2026-04-03,2026-04-03,,1730289455,P,,97110,85.00,11,2026-05-23
SYN-MBI-000089,D1546302977005970001,005970,2026-03-17,2026-03-17,,1546302977,P,,E0114,95.00,12,2026-04-26
SYN-MBI-000089,T1730289455005970002,005970,2026-03-22,2026-03-22,,1730289455,P,,97161,105.00,11,2026-05-18
SYN-MBI-000089,T1730289455005970003,005970,2026-03-24,2026-03-24,,1730289455,P,,97110,85.00,11,2026-05-15
SYN-MBI-000089,T1730289455005970004,005970,2026-03-26,2026-03-26,,1730289455,P,,97110,85.00,11,2026-05-03
SYN-MBI-000089,T1730289455005970005,005970,2026-03-28,2026-03-28,,1730289455,P,,97110,85.00,11,2026-05-12
SYN-MBI-000089,T1730289455005970006,005970,2026-03-30,2026-03-30,,1730289455,P,,97110,85.00,11,2026-05-03
SYN-MBI-000089,T1730289455005970007,005970,2026-04-01,2026-04-01,,1730289455,P,,97110,85.00,11,2026-05-24
SYN-MBI-000089,T1730289455005970008,005970,2026-04-03,2026-04-03,,1730289455,P,,97110,85.00,11,2026-05-27
SYN-MBI-000089,T1730289455005970009,005970,2026-04-05,2026-04-05,,1730289455,P,,97110,85.00,11,2026-05-08
SYN-MBI-000089,T1730289455005970010,005970,2026-04-07,2026-04-07,,1730289455,P,,97110,85.00,11,2026-06-01
SYN-MBI-000090,V267045006051001,006051,2026-03-19,2026-03-19,267045,,I,,G0299,152.00,12,2026-04-29
SYN-MBI-000090,V267045006051002,006051,2026-03-21,2026-03-21,267045,,I,,G0299,152.00,12,2026-05-08
SYN-MBI-000090,V267045006051003,006051,2026-03-23,2026-03-23,267045,,I,,G0299,152.00,12,2026-04-25
SYN-MBI-000090,V267045006051004,006051,2026-03-25,2026-03-25,267045,,I,,G0299,152.00,12,2026-05-09
SYN-MBI-000090,V267045006051005,006051,2026-03-27,2026-03-27,267045,,I,,G0299,152.00,12,2026-05-17
SYN-MBI-000090,V267045006051006,006051,2026-03-29,2026-03-29,267045,,I,,G0299,152.00,12,2026-05-24
SYN-MBI-000090,V267045006051007,006051,2026-03-31,2026-03-31,267045,,I,,G0299,152.00,12,2026-05-23
SYN-MBI-000090,V267045006051008,006051,2026-04-02,2026-04-02,267045,,I,,G0299,152.00,12,2026-05-02
SYN-MBI-000090,V267045006051009,006051,2026-04-04,2026-04-04,267045,,I,,G0299,152.00,12,2026-05-09
SYN-MBI-000090,V267045006051010,006051,2026-04-06,2026-04-06,267045,,I,,G0299,152.00,12,2026-05-28
SYN-MBI-000090,V267045006051011,006051,2026-04-08,2026-04-08,267045,,I,,G0299,152.00,12,2026-05-09
SYN-MBI-000090,V267045006051012,006051,2026-04-10,2026-04-10,267045,,I,,G0299,152.00,12,2026-05-21
SYN-MBI-000090,V267045006051013,006051,2026-04-12,2026-04-12,267045,,I,,G0299,152.00,12,2026-05-29
SYN-MBI-000090,D1546302977006051014,006051,2026-03-19,2026-03-19,,1546302977,P,,E0170,265.00,12,2026-05-07
SYN-MBI-000090,T1730289455006051015,006051,2026-03-22,2026-03-22,,1730289455,P,,97161,105.00,11,2026-05-06
SYN-MBI-000090,T1730289455006051016,006051,2026-03-24,2026-03-24,,1730289455,P,,97110,85.00,11,2026-05-17
SYN-MBI-000090,T1730289455006051017,006051,2026-03-26,2026-03-26,,1730289455,P,,97110,85.00,11,2026-05-04
SYN-MBI-000090,T1730289455006051018,006051,2026-03-28,2026-03-28,,1730289455,P,,97110,85.00,11,2026-04-28
SYN-MBI-000090,T1730289455006051019,006051,2026-03-30,2026-03-30,,1730289455,P,,97110,85.00,11,2026-05-21
SYN-MBI-000090,T1730289455006051020,006051,2026-04-01,2026-04-01,,1730289455,P,,97110,85.00,11,2026-05-16
SYN-MBI-000090,T1730289455006051021,006051,2026-04-03,2026-04-03,,1730289455,P,,97110,85.00,11,2026-06-01
SYN-MBI-000090,T1730289455006051022,006051,2026-04-05,2026-04-05,,1730289455,P,,97110,85.00,11,2026-05-30
SYN-MBI-000090,T1730289455006051023,006051,2026-04-07,2026-04-07,,1730289455,P,,97110,85.00,11,2026-05-27
SYN-MBI-000090,T1730289455006051024,006051,2026-04-09,2026-04-09,,1730289455,P,,97110,85.00,11,2026-05-17
SYN-MBI-000090,T1730289455006051025,006051,2026-04-11,2026-04-11,,1730289455,P,,97110,85.00,11,2026-06-01
SYN-MBI-000090,T1730289455006051026,006051,2026-04-13,2026-04-13,,1730289455,P,,97110,85.00,11,2026-05-23
SYN-MBI-000090,T1730289455006051027,006051,2026-04-15,2026-04-15,,1730289455,P,,97110,85.00,11,2026-05-23
SYN-MBI-000091,A265001006131001,006131,2026-03-23,2026-04-12,265001,,I,,,36225.00,31,2026-05-25
SYN-MBI-000091,T1730289455006131002,006131,2026-04-14,2026-04-14,,1730289455,P,,97161,105.00,11,2026-05-25
SYN-MBI-000091,T1730289455006131003,006131,2026-04-16,2026-04-16,,1730289455,P,,97110,85.00,11,2026-05-29
SYN-MBI-000092,D1546302977006211001,006211,2026-03-28,2026-03-28,,1546302977,P,,E0163,180.00,12,2026-05-05
SYN-MBI-000092,D1546302977006211002,006211,2026-03-29,2026-03-29,,1546302977,P,,E0114,95.00,12,2026-05-23
SYN-MBI-000092,D1546302977006211003,006211,2026-03-30,2026-03-30,,1546302977,P,,E0260,310.00,12,2026-05-02
SYN-MBI-000092,T1730289455006211004,006211,2026-04-02,2026-04-02,,1730289455,P,,97161,105.00,11,2026-05-31
SYN-MBI-000092,T1730289455006211005,006211,2026-04-04,2026-04-04,,1730289455,P,,97110,85.00,11,2026-05-23
SYN-MBI-000092,T1730289455006211006,006211,2026-04-06,2026-04-06,,1730289455,P,,97110,85.00,11,2026-05-06
SYN-MBI-000092,T1730289455006211007,006211,2026-04-08,2026-04-08,,1730289455,P,,97110,85.00,11,2026-06-07
SYN-MBI-000092,T1730289455006211008,006211,2026-04-10,2026-04-10,,1730289455,P,,97110,85.00,11,2026-05-17
SYN-MBI-000092,T1730289455006211009,006211,2026-04-12,2026-04-12,,1730289455,P,,97110,85.00,11,2026-05-23
SYN-MBI-000092,T1730289455006211010,006211,2026-04-14,2026-04-14,,1730289455,P,,97110,85.00,11,2026-06-07
SYN-MBI-000092,T1730289455006211011,006211,2026-04-16,2026-04-16,,1730289455,P,,97110,85.00,11,2026-05-31
SYN-MBI-000093,D1546302977006291001,006291,2026-04-04,2026-04-04,,1546302977,P,,E0260,310.00,12,2026-05-09
SYN-MBI-000093,T1730289455006291002,006291,2026-04-07,2026-04-07,,1730289455,P,,97161,105.00,11,2026-06-02
SYN-MBI-000093,T1730289455006291003,006291,2026-04-09,2026-04-09,,1730289455,P,,97110,85.00,11,2026-06-06
SYN-MBI-000093,T1730289455006291004,006291,2026-04-11,2026-04-11,,1730289455,P,,97110,85.00,11,2026-05-17
SYN-MBI-000093,T1730289455006291005,006291,2026-04-13,2026-04-13,,1730289455,P,,97110,85.00,11,2026-05-28
SYN-MBI-000093,T1730289455006291006,006291,2026-04-15,2026-04-15,,1730289455,P,,97110,85.00,11,2026-06-12
SYN-MBI-000093,T1730289455006291007,006291,2026-04-17,2026-04-17,,1730289455,P,,97110,85.00,11,2026-06-07
SYN-MBI-000093,T1730289455006291008,006291,2026-04-19,2026-04-19,,1730289455,P,,97110,85.00,11,2026-06-12
SYN-MBI-000094,A261500006371001,006371,2026-04-07,2026-04-26,261500,,I,,,4480.00,34,2026-06-11
SYN-MBI-000094,D1546302977006371002,006371,2026-04-10,2026-04-10,,1546302977,P,,E0260,310.00,12,2026-05-17
SYN-MBI-000095,D1546302977006451001,006451,2026-04-13,2026-04-13,,1546302977,P,,E0143,143.00,12,2026-06-03
SYN-MBI-000095,T1730289455006451002,006451,2026-04-16,2026-04-16,,1730289455,P,,97161,105.00,11,2026-05-22
SYN-MBI-000095,T1730289455006451003,006451,2026-04-18,2026-04-18,,1730289455,P,,97110,85.00,11,2026-05-18
SYN-MBI-000095,T1730289455006451004,006451,2026-04-20,2026-04-20,,1730289455,P,,97110,85.00,11,2026-05-27
SYN-MBI-000095,T1730289455006451005,006451,2026-04-22,2026-04-22,,1730289455,P,,97110,85.00,11,2026-06-04
SYN-MBI-000095,T1730289455006451006,006451,2026-04-24,2026-04-24,,1730289455,P,,97110,85.00,11,2026-06-01
SYN-MBI-000095,T1730289455006451007,006451,2026-04-26,2026-04-26,,1730289455,P,,97110,85.00,11,2026-05-31
SYN-MBI-000095,T1730289455006451008,006451,2026-04-28,2026-04-28,,1730289455,P,,97110,85.00,11,2026-06-27
SYN-MBI-000095,T1730289455006451009,006451,2026-04-30,2026-04-30,,1730289455,P,,97110,85.00,11,2026-06-29
SYN-MBI-000095,T1730289455006451010,006451,2026-05-02,2026-05-02,,1730289455,P,,97110,85.00,11,2026-06-22
SYN-MBI-000095,T1730289455006451011,006451,2026-05-04,2026-05-04,,1730289455,P,,97110,85.00,11,2026-06-06
SYN-MBI-000095,T1730289455006451012,006451,2026-05-06,2026-05-06,,1730289455,P,,97110,85.00,11,2026-06-05
SYN-MBI-000095,T1730289455006451013,006451,2026-05-08,2026-05-08,,1730289455,P,,97110,85.00,11,2026-06-14
SYN-MBI-000095,T1730289455006451014,006451,2026-05-10,2026-05-10,,1730289455,P,,97110,85.00,11,2026-07-05
SYN-MBI-000096,D1546302977006531001,006531,2026-04-20,2026-04-20,,1546302977,P,,E0170,265.00,12,2026-06-19
SYN-MBI-000096,D1546302977006531002,006531,2026-04-20,2026-04-20,,1546302977,P,,E0163,180.00,12,2026-05-31
SYN-MBI-000096,T1730289455006531003,006531,2026-04-23,2026-04-23,,1730289455,P,,97161,105.00,11,2026-05-24
SYN-MBI-000096,T1730289455006531004,006531,2026-04-25,2026-04-25,,1730289455,P,,97110,85.00,11,2026-05-26
SYN-MBI-000096,T1730289455006531005,006531,2026-04-27,2026-04-27,,1730289455,P,,97110,85.00,11,2026-06-08
SYN-MBI-000096,T1730289455006531006,006531,2026-04-29,2026-04-29,,1730289455,P,,97110,85.00,11,2026-06-06
SYN-MBI-000096,T1730289455006531007,006531,2026-05-01,2026-05-01,,1730289455,P,,97110,85.00,11,2026-06-22
SYN-MBI-000096,T1730289455006531008,006531,2026-05-03,2026-05-03,,1730289455,P,,97110,85.00,11,2026-06-18
SYN-MBI-000096,T1730289455006531009,006531,2026-05-05,2026-05-05,,1730289455,P,,97110,85.00,11,2026-06-05
SYN-MBI-000096,T1730289455006531010,006531,2026-05-07,2026-05-07,,1730289455,P,,97110,85.00,11,2026-06-11
SYN-MBI-000096,T1730289455006531011,006531,2026-05-09,2026-05-09,,1730289455,P,,97110,85.00,11,2026-06-15
SYN-MBI-000096,T1730289455006531012,006531,2026-05-11,2026-05-11,,1730289455,P,,97110,85.00,11,2026-06-12
SYN-MBI-000096,T1730289455006531013,006531,2026-05-13,2026-05-13,,1730289455,P,,97110,85.00,11,2026-07-08
SYN-MBI-000096,T1730289455006531014,006531,2026-05-15,2026-05-15,,1730289455,P,,97110,85.00,11,2026-07-02
SYN-MBI-000096,T1730289455006531015,006531,2026-05-17,2026-05-17,,1730289455,P,,97110,85.00,11,2026-07-07
SYN-MBI-000097,A265102006611001,006611,2026-04-26,2026-05-09,265102,,I,,,8372.00,31,2026-06-09
SYN-MBI-000097,D1546302977006611002,006611,2026-04-26,2026-04-26,,1546302977,P,,E0143,143.00,12,2026-06-02
SYN-MBI-000097,T1730289455006611003,006611,2026-05-18,2026-05-18,,1730289455,P,,97161,105.00,11,2026-06-21
SYN-MBI-000097,T1730289455006611004,006611,2026-05-20,2026-05-20,,1730289455,P,,97110,85.00,11,2026-06-29
SYN-MBI-000097,T1730289455006611005,006611,2026-05-22,2026-05-22,,1730289455,P,,97110,85.00,11,2026-07-05
SYN-MBI-000097,T1730289455006611006,006611,2026-05-24,2026-05-24,,1730289455,P,,97110,85.00,11,2026-07-02
SYN-MBI-000098,V267012006691001,006691,2026-04-30,2026-04-30,267012,,I,,G0299,168.00,12,2026-06-04
SYN-MBI-000098,V267012006691002,006691,2026-05-02,2026-05-02,267012,,I,,G0299,168.00,12,2026-06-14
SYN-MBI-000098,V267012006691003,006691,2026-05-05,2026-05-05,267012,,I,,G0299,168.00,12,2026-06-19
SYN-MBI-000098,V267012006691004,006691,2026-05-08,2026-05-08,267012,,I,,G0299,168.00,12,2026-06-30
SYN-MBI-000098,V267012006691005,006691,2026-05-11,2026-05-11,267012,,I,,G0299,168.00,12,2026-07-08
SYN-MBI-000098,V267012006691006,006691,2026-05-14,2026-05-14,267012,,I,,G0299,168.00,12,2026-06-26
SYN-MBI-000098,V267012006691007,006691,2026-05-17,2026-05-17,267012,,I,,G0299,168.00,12,2026-06-30
SYN-MBI-000098,V267012006691008,006691,2026-05-20,2026-05-20,267012,,I,,G0299,168.00,12,2026-07-03
SYN-MBI-000098,V267012006691009,006691,2026-05-23,2026-05-23,267012,,I,,G0299,168.00,12,2026-07-17
SYN-MBI-000098,D1546302977006691010,006691,2026-05-01,2026-05-01,,1546302977,P,,E0260,310.00,12,2026-06-17
SYN-MBI-000098,D1546302977006691011,006691,2026-05-01,2026-05-01,,1546302977,P,,E0143,143.00,12,2026-06-08
SYN-MBI-000098,T1730289455006691012,006691,2026-05-03,2026-05-03,,1730289455,P,,97161,105.00,11,2026-06-17
SYN-MBI-000098,T1730289455006691013,006691,2026-05-05,2026-05-05,,1730289455,P,,97110,85.00,11,2026-06-06
SYN-MBI-000098,T1730289455006691014,006691,2026-05-07,2026-05-07,,1730289455,P,,97110,85.00,11,2026-06-08
SYN-MBI-000098,T1730289455006691015,006691,2026-05-09,2026-05-09,,1730289455,P,,97110,85.00,11,2026-07-06
SYN-MBI-000098,T1730289455006691016,006691,2026-05-11,2026-05-11,,1730289455,P,,97110,85.00,11,2026-07-09
SYN-MBI-000098,T1730289455006691017,006691,2026-05-13,2026-05-13,,1730289455,P,,97110,85.00,11,2026-07-02
SYN-MBI-000098,T1730289455006691018,006691,2026-05-15,2026-05-15,,1730289455,P,,97110,85.00,11,2026-07-05
SYN-MBI-000098,T1730289455006691019,006691,2026-05-17,2026-05-17,,1730289455,P,,97110,85.00,11,2026-07-07
SYN-MBI-000098,T1730289455006691020,006691,2026-05-19,2026-05-19,,1730289455,P,,97110,85.00,11,2026-07-11
SYN-MBI-000098,T1730289455006691021,006691,2026-05-21,2026-05-21,,1730289455,P,,97110,85.00,11,2026-06-24
SYN-MBI-000098,T1730289455006691022,006691,2026-05-23,2026-05-23,,1730289455,P,,97110,85.00,11,2026-07-19
SYN-MBI-000098,T1730289455006691023,006691,2026-05-25,2026-05-25,,1730289455,P,,97110,85.00,11,2026-07-11
SYN-MBI-000098,T1730289455006691024,006691,2026-05-27,2026-05-27,,1730289455,P,,97110,85.00,11,2026-07-22
SYN-MBI-000099,D1546302977006772001,006772,2026-05-06,2026-05-06,,1546302977,P,,E0114,95.00,12,2026-07-05
SYN-MBI-000099,T1730289455006772002,006772,2026-05-08,2026-05-08,,1730289455,P,,97161,105.00,11,2026-06-30
SYN-MBI-000099,T1730289455006772003,006772,2026-05-10,2026-05-10,,1730289455,P,,97110,85.00,11,2026-06-24
SYN-MBI-000099,T1730289455006772004,006772,2026-05-12,2026-05-12,,1730289455,P,,97110,85.00,11,2026-07-01
SYN-MBI-000099,T1730289455006772005,006772,2026-05-14,2026-05-14,,1730289455,P,,97110,85.00,11,2026-06-26
SYN-MBI-000099,T1730289455006772006,006772,2026-05-16,2026-05-16,,1730289455,P,,97110,85.00,11,2026-07-03
SYN-MBI-000099,T1730289455006772007,006772,2026-05-18,2026-05-18,,1730289455,P,,97110,85.00,11,2026-06-29
SYN-MBI-000099,T1730289455006772008,006772,2026-05-20,2026-05-20,,1730289455,P,,97110,85.00,11,2026-06-27
SYN-MBI-000099,T1730289455006772009,006772,2026-05-22,2026-05-22,,1730289455,P,,97110,85.00,11,2026-07-20
SYN-MBI-000099,T1730289455006772010,006772,2026-05-24,2026-05-24,,1730289455,P,,97110,85.00,11,2026-07-10
SYN-MBI-000100,A265101006852001,006852,2026-05-09,2026-05-29,265101,,I,,,11445.00,31,2026-07-10
SYN-MBI-000100,T1730289455006852002,006852,2026-05-31,2026-05-31,,1730289455,P,,97161,105.00,11,2026-07-26
SYN-MBI-000100,T1730289455006852003,006852,2026-06-02,2026-06-02,,1730289455,P,,97110,85.00,11,2026-07-31
SYN-MBI-000101,D1546302977006940001,006940,2026-05-14,2026-05-14,,1546302977,P,,E0170,265.00,12,2026-06-18
SYN-MBI-000101,D1546302977006940002,006940,2026-05-14,2026-05-14,,1546302977,P,,E0143,143.00,12,2026-07-04
SYN-MBI-000101,T1730289455006940003,006940,2026-05-18,2026-05-18,,1730289455,P,,97161,105.00,11,2026-07-04
SYN-MBI-000101,T1730289455006940004,006940,2026-05-20,2026-05-20,,1730289455,P,,97110,85.00,11,2026-07-09
SYN-MBI-000101,T1730289455006940005,006940,2026-05-22,2026-05-22,,1730289455,P,,97110,85.00,11,2026-07-07
SYN-MBI-000101,T1730289455006940006,006940,2026-05-24,2026-05-24,,1730289455,P,,97110,85.00,11,2026-07-23
SYN-MBI-000101,T1730289455006940007,006940,2026-05-26,2026-05-26,,1730289455,P,,97110,85.00,11,2026-06-27
SYN-MBI-000101,T1730289455006940008,006940,2026-05-28,2026-05-28,,1730289455,P,,97110,85.00,11,2026-06-30
SYN-MBI-000101,T1730289455006940009,006940,2026-05-30,2026-05-30,,1730289455,P,,97110,85.00,11,2026-07-10
SYN-MBI-000101,T1730289455006940010,006940,2026-06-01,2026-06-01,,1730289455,P,,97110,85.00,11,2026-07-30
SYN-MBI-000101,T1730289455006940011,006940,2026-06-03,2026-06-03,,1730289455,P,,97110,85.00,11,2026-08-02
SYN-MBI-000101,T1730289455006940012,006940,2026-06-05,2026-06-05,,1730289455,P,,97110,85.00,11,2026-07-15
SYN-MBI-000101,T1730289455006940013,006940,2026-06-07,2026-06-07,,1730289455,P,,97110,85.00,11,2026-07-22
SYN-MBI-000101,T1730289455006940014,006940,2026-06-09,2026-06-09,,1730289455,P,,97110,85.00,11,2026-07-31
SYN-MBI-000101,T1730289455006940015,006940,2026-06-11,2026-06-11,,1730289455,P,,97110,85.00,11,2026-07-23
SYN-MBI-000102,A263025007021001,007021,2026-05-19,2026-05-31,263025,,I,,,21905.00,61,2026-07-15
SYN-MBI-000102,T1730289455007021002,007021,2026-06-10,2026-06-10,,1730289455,P,,97161,105.00,11,2026-08-06
SYN-MBI-000102,T1730289455007021003,007021,2026-06-12,2026-06-12,,1730289455,P,,97110,85.00,11,2026-07-18
SYN-MBI-000102,T1730289455007021004,007021,2026-06-14,2026-06-14,,1730289455,P,,97110,85.00,11,2026-07-21
SYN-MBI-000102,T1730289455007021005,007021,2026-06-16,2026-06-16,,1730289455,P,,97110,85.00,11,2026-07-29
SYN-MBI-000103,D1546302977007101001,007101,2026-05-28,2026-05-28,,1546302977,P,,E0170,265.00,12,2026-07-07
SYN-MBI-000103,T1730289455007101002,007101,2026-05-31,2026-05-31,,1730289455,P,,97161,105.00,11,2026-07-29
SYN-MBI-000103,T1730289455007101003,007101,2026-06-02,2026-06-02,,1730289455,P,,97110,85.00,11,2026-07-02
SYN-MBI-000103,T1730289455007101004,007101,2026-06-04,2026-06-04,,1730289455,P,,97110,85.00,11,2026-07-07
SYN-MBI-000103,T1730289455007101005,007101,2026-06-06,2026-06-06,,1730289455,P,,97110,85.00,11,2026-07-07
SYN-MBI-000103,T1730289455007101006,007101,2026-06-08,2026-06-08,,1730289455,P,,97110,85.00,11,2026-07-19
SYN-MBI-000103,T1730289455007101007,007101,2026-06-10,2026-06-10,,1730289455,P,,97110,85.00,11,2026-08-05
SYN-MBI-000103,T1730289455007101008,007101,2026-06-12,2026-06-12,,1730289455,P,,97110,85.00,11,2026-07-14
SYN-MBI-000103,T1730289455007101009,007101,2026-06-14,2026-06-14,,1730289455,P,,97110,85.00,11,2026-07-30
SYN-MBI-000103,T1730289455007101010,007101,2026-06-16,2026-06-16,,1730289455,P,,97110,85.00,11,2026-07-24
SYN-MBI-000104,V267012007281001,007281,2026-05-30,2026-05-30,267012,,I,,G0299,168.00,12,2026-07-11
SYN-MBI-000104,V267012007281002,007281,2026-06-01,2026-06-01,267012,,I,,G0299,168.00,12,2026-07-27
SYN-MBI-000104,V267012007281003,007281,2026-06-03,2026-06-03,267012,,I,,G0299,168.00,12,2026-07-28
SYN-MBI-000104,V267012007281004,007281,2026-06-05,2026-06-05,267012,,I,,G0299,168.00,12,2026-07-11
SYN-MBI-000104,V267012007281005,007281,2026-06-07,2026-06-07,267012,,I,,G0299,168.00,12,2026-07-23
SYN-MBI-000104,V267012007281006,007281,2026-06-09,2026-06-09,267012,,I,,G0299,168.00,12,2026-08-07
SYN-MBI-000104,V267012007281007,007281,2026-06-12,2026-06-12,267012,,I,,G0299,168.00,12,2026-07-15
SYN-MBI-000104,V267012007281008,007281,2026-06-14,2026-06-14,267012,,I,,G0299,168.00,12,2026-07-28
SYN-MBI-000104,V267012007281009,007281,2026-06-16,2026-06-16,267012,,I,,G0299,168.00,12,2026-07-24
SYN-MBI-000104,V267012007281010,007281,2026-06-18,2026-06-18,267012,,I,,G0299,168.00,12,2026-08-10
SYN-MBI-000104,V267012007281011,007281,2026-06-20,2026-06-20,267012,,I,,G0299,168.00,12,2026-08-03
SYN-MBI-000104,V267012007281012,007281,2026-06-22,2026-06-22,267012,,I,,G0299,168.00,12,2026-08-04
SYN-MBI-000104,D1546302977007281013,007281,2026-05-31,2026-05-31,,1546302977,P,,E0143,143.00,12,2026-07-28
SYN-MBI-000104,D1546302977007281014,007281,2026-05-30,2026-05-30,,1546302977,P,,E0170,265.00,12,2026-07-07
SYN-MBI-000104,D1546302977007281015,007281,2026-05-28,2026-05-28,,1546302977,P,,E0114,95.00,12,2026-07-09
SYN-MBI-000104,T1730289455007281016,007281,2026-06-02,2026-06-02,,1730289455,P,,97161,105.00,11,2026-07-19
SYN-MBI-000104,T1730289455007281017,007281,2026-06-04,2026-06-04,,1730289455,P,,97110,85.00,11,2026-07-15
SYN-MBI-000104,T1730289455007281018,007281,2026-06-06,2026-06-06,,1730289455,P,,97110,85.00,11,2026-07-21
SYN-MBI-000104,T1730289455007281019,007281,2026-06-08,2026-06-08,,1730289455,P,,97110,85.00,11,2026-08-02
SYN-MBI-000104,T1730289455007281020,007281,2026-06-10,2026-06-10,,1730289455,P,,97110,85.00,11,2026-07-10
SYN-MBI-000104,T1730289455007281021,007281,2026-06-12,2026-06-12,,1730289455,P,,97110,85.00,11,2026-08-03
SYN-MBI-000104,T1730289455007281022,007281,2026-06-14,2026-06-14,,1730289455,P,,97110,85.00,11,2026-07-30
SYN-MBI-000104,T1730289455007281023,007281,2026-06-16,2026-06-16,,1730289455,P,,97110,85.00,11,2026-08-05
SYN-MBI-000104,T1730289455007281024,007281,2026-06-18,2026-06-18,,1730289455,P,,97110,85.00,11,2026-08-09
SYN-MBI-000104,T1730289455007281025,007281,2026-06-20,2026-06-20,,1730289455,P,,97110,85.00,11,2026-07-27
SYN-MBI-000104,T1730289455007281026,007281,2026-06-22,2026-06-22,,1730289455,P,,97110,85.00,11,2026-08-07
SYN-MBI-000104,T1730289455007281027,007281,2026-06-24,2026-06-24,,1730289455,P,,97110,85.00,11,2026-08-03
SYN-MBI-000104,T1730289455007281028,007281,2026-06-26,2026-06-26,,1730289455,P,,97110,85.00,11,2026-08-15
SYN-MBI-000105,A265103007361001,007361,2026-06-02,2026-06-16,265103,,I,,,9630.00,31,2026-07-31
SYN-MBI-000105,T1730289455007361002,007361,2026-06-24,2026-06-24,,1730289455,P,,97161,105.00,11,2026-08-01
SYN-MBI-000105,T1730289455007361003,007361,2026-06-26,2026-06-26,,1730289455,P,,97110,85.00,11,2026-08-20
SYN-MBI-000105,T1730289455007361004,007361,2026-06-28,2026-06-28,,1730289455,P,,97110,85.00,11,2026-08-22
SYN-MBI-000106,D1546302977007441001,007441,2026-06-08,2026-06-08,,1546302977,P,,E0114,95.00,12,2026-07-20
SYN-MBI-000106,T1730289455007441002,007441,2026-06-12,2026-06-12,,1730289455,P,,97161,105.00,11,2026-07-30
SYN-MBI-000106,T1730289455007441003,007441,2026-06-14,2026-06-14,,1730289455,P,,97110,85.00,11,2026-07-30
SYN-MBI-000106,T1730289455007441004,007441,2026-06-16,2026-06-16,,1730289455,P,,97110,85.00,11,2026-08-04
SYN-MBI-000106,T1730289455007441005,007441,2026-06-18,2026-06-18,,1730289455,P,,97110,85.00,11,2026-08-08
SYN-MBI-000106,T1730289455007441006,007441,2026-06-20,2026-06-20,,1730289455,P,,97110,85.00,11,2026-07-27
SYN-MBI-000106,T1730289455007441007,007441,2026-06-22,2026-06-22,,1730289455,P,,97110,85.00,11,2026-08-19
SYN-MBI-000106,T1730289455007441008,007441,2026-06-24,2026-06-24,,1730289455,P,,97110,85.00,11,2026-08-06
SYN-MBI-000106,T1730289455007441009,007441,2026-06-26,2026-06-26,,1730289455,P,,97110,85.00,11,2026-07-29
SYN-MBI-000106,T1730289455007441010,007441,2026-06-28,2026-06-28,,1730289455,P,,97110,85.00,11,2026-08-22
SYN-MBI-000106,T1730289455007441011,007441,2026-06-30,2026-06-30,,1730289455,P,,97110,85.00,11,2026-08-07
SYN-MBI-000106,T1730289455007441012,007441,2026-07-02,2026-07-02,,1730289455,P,,97110,85.00,11,2026-08-27
SYN-MBI-000106,T1730289455007441013,007441,2026-07-04,2026-07-04,,1730289455,P,,97110,85.00,11,2026-08-21
SYN-MBI-000106,T1730289455007441014,007441,2026-07-06,2026-07-06,,1730289455,P,,97110,85.00,11,2026-08-20
SYN-MBI-000107,D1546302977007521001,007521,2026-06-14,2026-06-14,,1546302977,P,,E0260,310.00,12,2026-07-16
SYN-MBI-000107,T1730289455007521002,007521,2026-06-19,2026-06-19,,1730289455,P,,97161,105.00,11,2026-07-30
SYN-MBI-000107,T1730289455007521003,007521,2026-06-21,2026-06-21,,1730289455,P,,97110,85.00,11,2026-08-13
SYN-MBI-000107,T1730289455007521004,007521,2026-06-23,2026-06-23,,1730289455,P,,97110,85.00,11,2026-08-03
SYN-MBI-000107,T1730289455007521005,007521,2026-06-25,2026-06-25,,1730289455,P,,97110,85.00,11,2026-08-22
SYN-MBI-000107,T1730289455007521006,007521,2026-06-27,2026-06-27,,1730289455,P,,97110,85.00,11,2026-08-05
SYN-MBI-000107,T1730289455007521007,007521,2026-06-29,2026-06-29,,1730289455,P,,97110,85.00,11,2026-08-08
SYN-MBI-000107,T1730289455007521008,007521,2026-07-01,2026-07-01,,1730289455,P,,97110,85.00,11,2026-08-15
SYN-MBI-000107,T1730289455007521009,007521,2026-07-03,2026-07-03,,1730289455,P,,97110,85.00,11,2026-08-16
SYN-MBI-000107,T1730289455007521010,007521,2026-07-05,2026-07-05,,1730289455,P,,97110,85.00,11,2026-08-30
SYN-MBI-000107,T1730289455007521011,007521,2026-07-07,2026-07-07,,1730289455,P,,97110,85.00,11,2026-08-11
SYN-MBI-000107,T1730289455007521012,007521,2026-07-09,2026-07-09,,1730289455,P,,97110,85.00,11,2026-08-17
SYN-MBI-000107,T1730289455007521013,007521,2026-07-11,2026-07-11,,1730289455,P,,97110,85.00,11,2026-08-26
SYN-MBI-000107,T1730289455007521014,007521,2026-07-13,2026-07-13,,1730289455,P,,97110,85.00,11,2026-08-21
SYN-MBI-000108,D1546302977007601001,007601,2026-06-20,2026-06-20,,1546302977,P,,E0260,310.00,12,2026-07-20
SYN-MBI-000108,D1546302977007601002,007601,2026-06-18,2026-06-18,,1546302977,P,,E0143,143.00,12,2026-07-22
SYN-MBI-000108,T1730289455007601003,007601,2026-06-22,2026-06-22,,1730289455,P,,97161,105.00,11,2026-08-21
SYN-MBI-000108,T1730289455007601004,007601,2026-06-24,2026-06-24,,1730289455,P,,97110,85.00,11,2026-08-19
SYN-MBI-000108,T1730289455007601005,007601,2026-06-26,2026-06-26,,1730289455,P,,97110,85.00,11,2026-07-26
SYN-MBI-000108,T1730289455007601006,007601,2026-06-28,2026-06-28,,1730289455,P,,97110,85.00,11,2026-08-21
SYN-MBI-000108,T1730289455007601007,007601,2026-06-30,2026-06-30,,1730289455,P,,97110,85.00,11,2026-08-28
SYN-MBI-000108,T1730289455007601008,007601,2026-07-02,2026-07-02,,1730289455,P,,97110,85.00,11,2026-08-11
SYN-MBI-000108,T1730289455007601009,007601,2026-07-04,2026-07-04,,1730289455,P,,97110,85.00,11,2026-08-20
SYN-MBI-000108,T1730289455007601010,007601,2026-07-06,2026-07-06,,1730289455,P,,97110,85.00,11,2026-08-30
SYN-MBI-000108,T1730289455007601011,007601,2026-07-08,2026-07-08,,1730289455,P,,97110,85.00,11,2026-08-07
SYN-MBI-000108,T1730289455007601012,007601,2026-07-10,2026-07-10,,1730289455,P,,97110,85.00,11,2026-09-07
SYN-MBI-000108,T1730289455007601013,007601,2026-07-12,2026-07-12,,1730289455,P,,97110,85.00,11,2026-08-30
SYN-MBI-000108,T1730289455007601014,007601,2026-07-14,2026-07-14,,1730289455,P,,97110,85.00,11,2026-08-13
SYN-MBI-000108,T1730289455007601015,007601,2026-07-16,2026-07-16,,1730289455,P,,97110,85.00,11,2026-08-23
SYN-MBI-000109,D1546302977007681001,007681,2026-06-24,2026-06-24,,1546302977,P,,E0170,265.00,12,2026-08-07
SYN-MBI-000109,D1546302977007681002,007681,2026-06-23,2026-06-23,,1546302977,P,,E0114,95.00,12,2026-08-05
SYN-MBI-000109,D1546302977007681003,007681,2026-06-23,2026-06-23,,1546302977,P,,E0143,143.00,12,2026-08-03
SYN-MBI-000109,T1730289455007681004,007681,2026-06-28,2026-06-28,,1730289455,P,,97161,105.00,11,2026-08-13
SYN-MBI-000109,T1730289455007681005,007681,2026-06-30,2026-06-30,,1730289455,P,,97110,85.00,11,2026-08-24
SYN-MBI-000109,T1730289455007681006,007681,2026-07-02,2026-07-02,,1730289455,P,,97110,85.00,11,2026-08-20
SYN-MBI-000109,T1730289455007681007,007681,2026-07-04,2026-07-04,,1730289455,P,,97110,85.00,11,2026-08-22
SYN-MBI-000109,T1730289455007681008,007681,2026-07-06,2026-07-06,,1730289455,P,,97110,85.00,11,2026-08-10
SYN-MBI-000109,T1730289455007681009,007681,2026-07-08,2026-07-08,,1730289455,P,,97110,85.00,11,2026-08-24
SYN-MBI-000109,T1730289455007681010,007681,2026-07-10,2026-07-10,,1730289455,P,,97110,85.00,11,2026-08-23
SYN-MBI-000110,D1546302977007761001,007761,2026-06-29,2026-06-29,,1546302977,P,,E0143,143.00,12,2026-08-28
SYN-MBI-000110,T1730289455007761002,007761,2026-07-03,2026-07-03,,1730289455,P,,97161,105.00,11,2026-08-16
SYN-MBI-000110,T1730289455007761003,007761,2026-07-05,2026-07-05,,1730289455,P,,97110,85.00,11,2026-09-03
SYN-MBI-000110,T1730289455007761004,007761,2026-07-07,2026-07-07,,1730289455,P,,97110,85.00,11,2026-08-30
SYN-MBI-000110,T1730289455007761005,007761,2026-07-09,2026-07-09,,1730289455,P,,97110,85.00,11,2026-08-19
SYN-MBI-000110,T1730289455007761006,007761,2026-07-11,2026-07-11,,1730289455,P,,97110,85.00,11,2026-08-26
SYN-MBI-000110,T1730289455007761007,007761,2026-07-13,2026-07-13,,1730289455,P,,97110,85.00,11,2026-08-15
SYN-MBI-000110,T1730289455007761008,007761,2026-07-15,2026-07-15,,1730289455,P,,97110,85.00,11,2026-08-14
SYN-MBI-000110,T1730289455007761009,007761,2026-07-17,2026-07-17,,1730289455,P,,97110,85.00,11,2026-08-27
SYN-MBI-000110,T1730289455007761010,007761,2026-07-19,2026-07-19,,1730289455,P,,97110,85.00,11,2026-08-25
SYN-MBI-000111,D1546302977007841001,007841,2026-07-06,2026-07-06,,1546302977,P,,E0170,265.00,12,2026-08-28
SYN-MBI-000111,D1546302977007841002,007841,2026-07-05,2026-07-05,,1546302977,P,,E0143,143.00,12,2026-08-05
SYN-MBI-000111,D1546302977007841003,007841,2026-07-07,2026-07-07,,1546302977,P,,E0163,180.00,12,2026-09-03
SYN-MBI-000111,T1730289455007841004,007841,2026-07-10,2026-07-10,,1730289455,P,,97161,105.00,11,2026-08-23
SYN-MBI-000111,T1730289455007841005,007841,2026-07-12,2026-07-12,,1730289455,P,,97110,85.00,11,2026-08-24
SYN-MBI-000111,T1730289455007841006,007841,2026-07-14,2026-07-14,,1730289455,P,,97110,85.00,11,2026-09-10
SYN-MBI-000111,T1730289455007841007,007841,2026-07-16,2026-07-16,,1730289455,P,,97110,85.00,11,2026-09-14
SYN-MBI-000111,T1730289455007841008,007841,2026-07-18,2026-07-18,,1730289455,P,,97110,85.00,11,2026-09-01
SYN-MBI-000111,T1730289455007841009,007841,2026-07-20,2026-07-20,,1730289455,P,,97110,85.00,11,2026-08-30
SYN-MBI-000111,T1730289455007841010,007841,2026-07-22,2026-07-22,,1730289455,P,,97110,85.00,11,2026-08-24
SYN-MBI-000111,T1730289455007841011,007841,2026-07-24,2026-07-24,,1730289455,P,,97110,85.00,11,2026-09-19
SYN-MBI-000111,T1730289455007841012,007841,2026-07-26,2026-07-26,,1730289455,P,,97110,85.00,11,2026-09-05
SYN-MBI-000111,T1730289455007841013,007841,2026-07-28,2026-07-28,,1730289455,P,,97110,85.00,11,2026-09-21
SYN-MBI-000111,T1730289455007841014,007841,2026-07-30,2026-07-30,,1730289455,P,,97110,85.00,11,2026-09-17
SYN-MBI-000111,T1730289455007841015,007841,2026-08-01,2026-08-01,,1730289455,P,,97110,85.00,11,2026-09-03
SYN-MBI-000111,T1730289455007841016,007841,2026-08-03,2026-08-03,,1730289455,P,,97110,85.00,11,2026-09-16
SYN-MBI-000112,A265001007921001,007921,2026-07-11,2026-07-27,265001,,I,,,29325.00,31,2026-09-05
SYN-MBI-000112,T1730289455007921002,007921,2026-08-02,2026-08-02,,1730289455,P,,97161,105.00,11,2026-09-23
SYN-MBI-000112,T1730289455007921003,007921,2026-08-04,2026-08-04,,1730289455,P,,97110,85.00,11,2026-09-14
SYN-MBI-000112,T1730289455007921004,007921,2026-08-06,2026-08-06,,1730289455,P,,97110,85.00,11,2026-09-27
SYN-MBI-000113,V267012008001001,008001,2026-07-12,2026-07-12,267012,,I,,G0299,168.00,12,2026-08-22
SYN-MBI-000113,V267012008001002,008001,2026-07-14,2026-07-14,267012,,I,,G0299,168.00,12,2026-08-29
SYN-MBI-000113,V267012008001003,008001,2026-07-16,2026-07-16,267012,,I,,G0299,168.00,12,2026-09-14
SYN-MBI-000113,V267012008001004,008001,2026-07-18,2026-07-18,267012,,I,,G0299,168.00,12,2026-09-04
SYN-MBI-000113,V267012008001005,008001,2026-07-20,2026-07-20,267012,,I,,G0299,168.00,12,2026-09-17
SYN-MBI-000113,V267012008001006,008001,2026-07-22,2026-07-22,267012,,I,,G0299,168.00,12,2026-09-08
SYN-MBI-000113,V267012008001007,008001,2026-07-25,2026-07-25,267012,,I,,G0299,168.00,12,2026-09-16
SYN-MBI-000113,V267012008001008,008001,2026-07-27,2026-07-27,267012,,I,,G0299,168.00,12,2026-08-26
SYN-MBI-000113,V267012008001009,008001,2026-07-29,2026-07-29,267012,,I,,G0299,168.00,12,2026-09-05
SYN-MBI-000113,V267012008001010,008001,2026-07-31,2026-07-31,267012,,I,,G0299,168.00,12,2026-09-08
SYN-MBI-000113,V267012008001011,008001,2026-08-02,2026-08-02,267012,,I,,G0299,168.00,12,2026-09-29
SYN-MBI-000113,V267012008001012,008001,2026-08-04,2026-08-04,267012,,I,,G0299,168.00,12,2026-09-22
SYN-MBI-000113,D1546302977008001013,008001,2026-07-10,2026-07-10,,1546302977,P,,E0143,143.00,12,2026-08-14
SYN-MBI-000113,D1546302977008001014,008001,2026-07-12,2026-07-12,,1546302977,P,,E0163,180.00,12,2026-08-22
SYN-MBI-000113,T1730289455008001015,008001,2026-07-15,2026-07-15,,1730289455,P,,97161,105.00,11,2026-09-01
SYN-MBI-000113,T1730289455008001016,008001,2026-07-17,2026-07-17,,1730289455,P,,97110,85.00,11,2026-08-23
SYN-MBI-000113,T1730289455008001017,008001,2026-07-19,2026-07-19,,1730289455,P,,97110,85.00,11,2026-08-20
SYN-MBI-000113,T1730289455008001018,008001,2026-07-21,2026-07-21,,1730289455,P,,97110,85.00,11,2026-08-23
SYN-MBI-000113,T1730289455008001019,008001,2026-07-23,2026-07-23,,1730289455,P,,97110,85.00,11,2026-08-27
SYN-MBI-000113,T1730289455008001020,008001,2026-07-25,2026-07-25,,1730289455,P,,97110,85.00,11,2026-08-29
SYN-MBI-000113,T1730289455008001021,008001,2026-07-27,2026-07-27,,1730289455,P,,97110,85.00,11,2026-09-25
SYN-MBI-000113,T1730289455008001022,008001,2026-07-29,2026-07-29,,1730289455,P,,97110,85.00,11,2026-09-14
SYN-MBI-000113,T1730289455008001023,008001,2026-07-31,2026-07-31,,1730289455,P,,97110,85.00,11,2026-09-21
SYN-MBI-000113,T1730289455008001024,008001,2026-08-02,2026-08-02,,1730289455,P,,97110,85.00,11,2026-09-24
SYN-MBI-000113,T1730289455008001025,008001,2026-08-04,2026-08-04,,1730289455,P,,97110,85.00,11,2026-09-28
SYN-MBI-000113,T1730289455008001026,008001,2026-08-06,2026-08-06,,1730289455,P,,97110,85.00,11,2026-09-16
SYN-MBI-000113,T1730289455008001027,008001,2026-08-08,2026-08-08,,1730289455,P,,97110,85.00,11,2026-10-03
SYN-MBI-000114,D1546302977008082001,008082,2026-07-15,2026-07-15,,1546302977,P,,E0163,180.00,12,2026-08-28
SYN-MBI-000114,D1546302977008082002,008082,2026-07-16,2026-07-16,,1546302977,P,,E0143,143.00,12,2026-08-27
SYN-MBI-000114,D1546302977008082003,008082,2026-07-14,2026-07-14,,1546302977,P,,E0114,95.00,12,2026-08-29
SYN-MBI-000114,T1730289455008082004,008082,2026-07-18,2026-07-18,,1730289455,P,,97161,105.00,11,2026-09-05
SYN-MBI-000114,T1730289455008082005,008082,2026-07-20,2026-07-20,,1730289455,P,,97110,85.00,11,2026-09-11
SYN-MBI-000114,T1730289455008082006,008082,2026-07-22,2026-07-22,,1730289455,P,,97110,85.00,11,2026-08-29
SYN-MBI-000114,T1730289455008082007,008082,2026-07-24,2026-07-24,,1730289455,P,,97110,85.00,11,2026-09-01
SYN-MBI-000114,T1730289455008082008,008082,2026-07-26,2026-07-26,,1730289455,P,,97110,85.00,11,2026-08-28
SYN-MBI-000114,T1730289455008082009,008082,2026-07-28,2026-07-28,,1730289455,P,,97110,85.00,11,2026-09-16
SYN-MBI-000114,T1730289455008082010,008082,2026-07-30,2026-07-30,,1730289455,P,,97110,85.00,11,2026-09-07
SYN-MBI-000114,T1730289455008082011,008082,2026-08-01,2026-08-01,,1730289455,P,,97110,85.00,11,2026-09-16
SYN-MBI-000114,T1730289455008082012,008082,2026-08-03,2026-08-03,,1730289455,P,,97110,85.00,11,2026-09-22
SYN-MBI-000114,T1730289455008082013,008082,2026-08-05,2026-08-05,,1730289455,P,,97110,85.00,11,2026-09-30
SYN-MBI-000115,A265101008162001,008162,2026-07-17,2026-07-31,265101,,I,,,8175.00,31,2026-09-14
SYN-MBI-000115,D1546302977008162002,008162,2026-07-18,2026-07-18,,1546302977,P,,E0114,95.00,12,2026-08-25
SYN-MBI-000115,T1730289455008162003,008162,2026-08-08,2026-08-08,,1730289455,P,,97161,105.00,11,2026-09-21
SYN-MBI-000115,T1730289455008162004,008162,2026-08-10,2026-08-10,,1730289455,P,,97110,85.00,11,2026-09-09
SYN-MBI-000115,T1730289455008162005,008162,2026-08-12,2026-08-12,,1730289455,P,,97110,85.00,11,2026-09-27
SYN-MBI-000115,T1730289455008162006,008162,2026-08-14,2026-08-14,,1730289455,P,,97110,85.00,11,2026-09-15
SYN-MBI-000116,D1546302977008243001,008243,2026-07-20,2026-07-20,,1546302977,P,,E0170,265.00,12,2026-08-29
SYN-MBI-000116,D1546302977008243002,008243,2026-07-21,2026-07-21,,1546302977,P,,E0114,95.00,12,2026-09-06
SYN-MBI-000116,T1730289455008243003,008243,2026-07-23,2026-07-23,,1730289455,P,,97161,105.00,11,2026-09-01
SYN-MBI-000116,T1730289455008243004,008243,2026-07-25,2026-07-25,,1730289455,P,,97110,85.00,11,2026-09-10
SYN-MBI-000116,T1730289455008243005,008243,2026-07-27,2026-07-27,,1730289455,P,,97110,85.00,11,2026-09-14
SYN-MBI-000116,T1730289455008243006,008243,2026-07-29,2026-07-29,,1730289455,P,,97110,85.00,11,2026-09-08
SYN-MBI-000116,T1730289455008243007,008243,2026-07-31,2026-07-31,,1730289455,P,,97110,85.00,11,2026-09-29
SYN-MBI-000116,T1730289455008243008,008243,2026-08-02,2026-08-02,,1730289455,P,,97110,85.00,11,2026-09-22
SYN-MBI-000116,T1730289455008243009,008243,2026-08-04,2026-08-04,,1730289455,P,,97110,85.00,11,2026-09-11
SYN-MBI-000116,T1730289455008243010,008243,2026-08-06,2026-08-06,,1730289455,P,,97110,85.00,11,2026-09-08
SYN-MBI-000116,T1730289455008243011,008243,2026-08-08,2026-08-08,,1730289455,P,,97110,85.00,11,2026-09-08
SYN-MBI-000116,T1730289455008243012,008243,2026-08-10,2026-08-10,,1730289455,P,,97110,85.00,11,2026-09-22
SYN-MBI-000116,T1730289455008243013,008243,2026-08-12,2026-08-12,,1730289455,P,,97110,85.00,11,2026-09-21
SYN-MBI-000116,T1730289455008243014,008243,2026-08-14,2026-08-14,,1730289455,P,,97110,85.00,11,2026-10-11
SYN-MBI-000116,T1730289455008243015,008243,2026-08-16,2026-08-16,,1730289455,P,,97110,85.00,11,2026-09-17
SYN-MBI-000117,A263025008324001,008324,2026-07-21,2026-07-30,263025,,I,,,16850.00,61,2026-09-27
SYN-MBI-000117,D1546302977008324002,008324,2026-07-24,2026-07-24,,1546302977,P,,E0163,180.00,12,2026-09-21
SYN-MBI-000117,T1730289455008324003,008324,2026-08-12,2026-08-12,,1730289455,P,,97161,105.00,11,2026-10-05
SYN-MBI-000117,T1730289455008324004,008324,2026-08-14,2026-08-14,,1730289455,P,,97110,85.00,11,2026-09-14
SYN-MBI-000117,T1730289455008324005,008324,2026-08-16,2026-08-16,,1730289455,P,,97110,85.00,11,2026-10-04
SYN-MBI-000117,T1730289455008324006,008324,2026-08-18,2026-08-18,,1730289455,P,,97110,85.00,11,2026-09-23
SYN-MBI-000118,D1546302977008404001,008404,2026-07-27,2026-07-27,,1546302977,P,,E0260,310.00,12,2026-09-02
SYN-MBI-000118,D1546302977008404002,008404,2026-07-27,2026-07-27,,1546302977,P,,E0143,143.00,12,2026-09-10
SYN-MBI-000118,D1546302977008404003,008404,2026-07-27,2026-07-27,,1546302977,P,,E0163,180.00,12,2026-09-04
SYN-MBI-000118,T1730289455008404004,008404,2026-07-29,2026-07-29,,1730289455,P,,97161,105.00,11,2026-09-10
SYN-MBI-000118,T1730289455008404005,008404,2026-07-31,2026-07-31,,1730289455,P,,97110,85.00,11,2026-09-24
SYN-MBI-000118,T1730289455008404006,008404,2026-08-02,2026-08-02,,1730289455,P,,97110,85.00,11,2026-09-25
SYN-MBI-000118,T1730289455008404007,008404,2026-08-04,2026-08-04,,1730289455,P,,97110,85.00,11,2026-09-12
SYN-MBI-000118,T1730289455008404008,008404,2026-08-06,2026-08-06,,1730289455,P,,97110,85.00,11,2026-10-03
SYN-MBI-000118,T1730289455008404009,008404,2026-08-08,2026-08-08,,1730289455,P,,97110,85.00,11,2026-09-20
SYN-MBI-000118,T1730289455008404010,008404,2026-08-10,2026-08-10,,1730289455,P,,97110,85.00,11,2026-09-28
SYN-MBI-000118,T1730289455008404011,008404,2026-08-12,2026-08-12,,1730289455,P,,97110,85.00,11,2026-09-28
SYN-MBI-000118,T1730289455008404012,008404,2026-08-14,2026-08-14,,1730289455,P,,97110,85.00,11,2026-09-17
SYN-MBI-000118,T1730289455008404013,008404,2026-08-16,2026-08-16,,1730289455,P,,97110,85.00,11,2026-09-21
SYN-MBI-000118,T1730289455008404014,008404,2026-08-18,2026-08-18,,1730289455,P,,97110,85.00,11,2026-09-22
SYN-MBI-000118,T1730289455008404015,008404,2026-08-20,2026-08-20,,1730289455,P,,97110,85.00,11,2026-09-20
SYN-MBI-000118,T1730289455008404016,008404,2026-08-22,2026-08-22,,1730289455,P,,97110,85.00,11,2026-10-13
SYN-MBI-000119,V267012008485001,008485,2026-07-27,2026-07-27,267012,,I,,G0299,168.00,12,2026-09-19
SYN-MBI-000119,V267012008485002,008485,2026-07-28,2026-07-28,267012,,I,,G0299,168.00,12,2026-09-20
SYN-MBI-000119,V267012008485003,008485,2026-07-30,2026-07-30,267012,,I,,G0299,168.00,12,2026-09-21
SYN-MBI-000119,V267012008485004,008485,2026-08-01,2026-08-01,267012,,I,,G0299,168.00,12,2026-09-27
SYN-MBI-000119,V267012008485005,008485,2026-08-02,2026-08-02,267012,,I,,G0299,168.00,12,2026-09-10
SYN-MBI-000119,V267012008485006,008485,2026-08-04,2026-08-04,267012,,I,,G0299,168.00,12,2026-09-03
SYN-MBI-000119,V267012008485007,008485,2026-08-06,2026-08-06,267012,,I,,G0299,168.00,12,2026-09-21
SYN-MBI-000119,V267012008485008,008485,2026-08-08,2026-08-08,267012,,I,,G0299,168.00,12,2026-09-12
SYN-MBI-000119,V267012008485009,008485,2026-08-09,2026-08-09,267012,,I,,G0299,168.00,12,2026-09-10
SYN-MBI-000119,V267012008485010,008485,2026-08-11,2026-08-11,267012,,I,,G0299,168.00,12,2026-09-15
SYN-MBI-000119,V267012008485011,008485,2026-08-13,2026-08-13,267012,,I,,G0299,168.00,12,2026-10-12
SYN-MBI-000119,V267012008485012,008485,2026-08-15,2026-08-15,267012,,I,,G0299,168.00,12,2026-09-20
SYN-MBI-000119,V267012008485013,008485,2026-08-16,2026-08-16,267012,,I,,G0299,168.00,12,2026-09-29
SYN-MBI-000119,V267012008485014,008485,2026-08-18,2026-08-18,267012,,I,,G0299,168.00,12,2026-10-08
SYN-MBI-000119,V267012008485015,008485,2026-08-20,2026-08-20,267012,,I,,G0299,168.00,12,2026-10-17
SYN-MBI-000119,D1546302977008485016,008485,2026-07-27,2026-07-27,,1546302977,P,,E0170,265.00,12,2026-09-07
SYN-MBI-000119,D1546302977008485017,008485,2026-07-25,2026-07-25,,1546302977,P,,E0260,310.00,12,2026-09-22
SYN-MBI-000119,D1546302977008485018,008485,2026-07-27,2026-07-27,,1546302977,P,,E0143,143.00,12,2026-09-19
SYN-MBI-000119,T1730289455008485019,008485,2026-07-30,2026-07-30,,1730289455,P,,97161,105.00,11,2026-09-10
SYN-MBI-000119,T1730289455008485020,008485,2026-08-01,2026-08-01,,1730289455,P,,97110,85.00,11,2026-09-03
SYN-MBI-000119,T1730289455008485021,008485,2026-08-03,2026-08-03,,1730289455,P,,97110,85.00,11,2026-09-07
SYN-MBI-000119,T1730289455008485022,008485,2026-08-05,2026-08-05,,1730289455,P,,97110,85.00,11,2026-10-03
SYN-MBI-000119,T1730289455008485023,008485,2026-08-07,2026-08-07,,1730289455,P,,97110,85.00,11,2026-09-19
SYN-MBI-000119,T1730289455008485024,008485,2026-08-09,2026-08-09,,1730289455,P,,97110,85.00,11,2026-09-22
SYN-MBI-000119,T1730289455008485025,008485,2026-08-11,2026-08-11,,1730289455,P,,97110,85.00,11,2026-09-29
SYN-MBI-000119,T1730289455008485026,008485,2026-08-13,2026-08-13,,1730289455,P,,97110,85.00,11,2026-09-26
SYN-MBI-000119,T1730289455008485027,008485,2026-08-15,2026-08-15,,1730289455,P,,97110,85.00,11,2026-09-19
SYN-MBI-000119,T1730289455008485028,008485,2026-08-17,2026-08-17,,1730289455,P,,97110,85.00,11,2026-10-07
SYN-MBI-000119,T1730289455008485029,008485,2026-08-19,2026-08-19,,1730289455,P,,97110,85.00,11,2026-10-09
SYN-MBI-000119,T1730289455008485030,008485,2026-08-21,2026-08-21,,1730289455,P,,97110,85.00,11,2026-10-08
SYN-MBI-000120,A265102008565001,008565,2026-07-29,2026-08-16,265102,,I,,,11362.00,31,2026-10-08
SYN-MBI-000121,D1546302977008645001,008645,2026-08-02,2026-08-02,,1546302977,P,,E0143,143.00,12,2026-09-06
SYN-MBI-000121,D1546302977008645002,008645,2026-07-31,2026-07-31,,1546302977,P,,E0260,310.00,12,2026-09-17
SYN-MBI-000121,T1730289455008645003,008645,2026-08-04,2026-08-04,,1730289455,P,,97161,105.00,11,2026-09-18
SYN-MBI-000121,T1730289455008645004,008645,2026-08-06,2026-08-06,,1730289455,P,,97110,85.00,11,2026-09-23
SYN-MBI-000121,T1730289455008645005,008645,2026-08-08,2026-08-08,,1730289455,P,,97110,85.00,11,2026-09-29
SYN-MBI-000121,T1730289455008645006,008645,2026-08-10,2026-08-10,,1730289455,P,,97110,85.00,11,2026-09-11
SYN-MBI-000121,T1730289455008645007,008645,2026-08-12,2026-08-12,,1730289455,P,,97110,85.00,11,2026-09-16
SYN-MBI-000121,T1730289455008645008,008645,2026-08-14,2026-08-14,,1730289455,P,,97110,85.00,11,2026-09-14
SYN-MBI-000121,T1730289455008645009,008645,2026-08-16,2026-08-16,,1730289455,P,,97110,85.00,11,2026-10-13
SYN-MBI-000121,T1730289455008645010,008645,2026-08-18,2026-08-18,,1730289455,P,,97110,85.00,11,2026-09-21
SYN-MBI-000121,T1730289455008645011,008645,2026-08-20,2026-08-20,,1730289455,P,,97110,85.00,11,2026-10-05
SYN-MBI-000122,D1546302977008725001,008725,2026-08-05,2026-08-05,,1546302977,P,,E0170,265.00,12,2026-09-05
SYN-MBI-000122,D1546302977008725002,008725,2026-08-04,2026-08-04,,1546302977,P,,E0260,310.00,12,2026-09-13
SYN-MBI-000122,D1546302977008725003,008725,2026-08-04,2026-08-04,,1546302977,P,,E0163,180.00,12,2026-09-19
SYN-MBI-000122,T1730289455008725004,008725,2026-08-08,2026-08-08,,1730289455,P,,97161,105.00,11,2026-09-26
SYN-MBI-000122,T1730289455008725005,008725,2026-08-10,2026-08-10,,1730289455,P,,97110,85.00,11,2026-10-04
SYN-MBI-000122,T1730289455008725006,008725,2026-08-12,2026-08-12,,1730289455,P,,97110,85.00,11,2026-09-22
SYN-MBI-000122,T1730289455008725007,008725,2026-08-14,2026-08-14,,1730289455,P,,97110,85.00,11,2026-10-09
SYN-MBI-000122,T1730289455008725008,008725,2026-08-16,2026-08-16,,1730289455,P,,97110,85.00,11,2026-10-03
SYN-MBI-000122,T1730289455008725009,008725,2026-08-18,2026-08-18,,1730289455,P,,97110,85.00,11,2026-09-30
SYN-MBI-000122,T1730289455008725010,008725,2026-08-20,2026-08-20,,1730289455,P,,97110,85.00,11,2026-10-19
SYN-MBI-000122,T1730289455008725011,008725,2026-08-22,2026-08-22,,1730289455,P,,97110,85.00,11,2026-10-14
SYN-MBI-000122,T1730289455008725012,008725,2026-08-24,2026-08-24,,1730289455,P,,97110,85.00,11,2026-09-24
SYN-MBI-000123,D1546302977008805001,008805,2026-08-07,2026-08-07,,1546302977,P,,E0260,310.00,12,2026-09-11
SYN-MBI-000123,T1730289455008805002,008805,2026-08-10,2026-08-10,,1730289455,P,,97161,105.00,11,2026-09-29
SYN-MBI-000123,T1730289455008805003,008805,2026-08-12,2026-08-12,,1730289455,P,,97110,85.00,11,2026-09-29
SYN-MBI-000123,T1730289455008805004,008805,2026-08-14,2026-08-14,,1730289455,P,,97110,85.00,11,2026-10-04
SYN-MBI-000123,T1730289455008805005,008805,2026-08-16,2026-08-16,,1730289455,P,,97110,85.00,11,2026-10-14
SYN-MBI-000123,T1730289455008805006,008805,2026-08-18,2026-08-18,,1730289455,P,,97110,85.00,11,2026-09-20
SYN-MBI-000123,T1730289455008805007,008805,2026-08-20,2026-08-20,,1730289455,P,,97110,85.00,11,2026-10-01
SYN-MBI-000123,T1730289455008805008,008805,2026-08-22,2026-08-22,,1730289455,P,,97110,85.00,11,2026-09-21
SYN-MBI-000123,T1730289455008805009,008805,2026-08-24,2026-08-24,,1730289455,P,,97110,85.00,11,2026-10-03
SYN-MBI-000124,A265001008885001,008885,2026-08-11,2026-08-31,265001,,I,,,36225.00,31,2026-10-10
SYN-MBI-000124,D1546302977008885002,008885,2026-08-12,2026-08-12,,1546302977,P,,E0143,143.00,12,2026-09-26
SYN-MBI-000124,T1730289455008885003,008885,2026-09-02,2026-09-02,,1730289455,P,,97161,105.00,11,2026-10-11
SYN-MBI-000124,T1730289455008885004,008885,2026-09-04,2026-09-04,,1730289455,P,,97110,85.00,11,2026-10-08
SYN-MBI-000124,T1730289455008885005,008885,2026-09-06,2026-09-06,,1730289455,P,,97110,85.00,11,2026-10-21
SYN-MBI-000124,T1730289455008885006,008885,2026-09-08,2026-09-08,,1730289455,P,,97110,85.00,11,2026-11-07
SYN-MBI-000124,T1730289455008885007,008885,2026-09-10,2026-09-10,,1730289455,P,,97110,85.00,11,2026-10-17
SYN-MBI-000125,V267045008965001,008965,2026-08-13,2026-08-13,267045,,I,,G0299,152.00,12,2026-10-11
SYN-MBI-000125,V267045008965002,008965,2026-08-15,2026-08-15,267045,,I,,G0299,152.00,12,2026-10-12
SYN-MBI-000125,V267045008965003,008965,2026-08-17,2026-08-17,267045,,I,,G0299,152.00,12,2026-10-06
SYN-MBI-000125,V267045008965004,008965,2026-08-20,2026-08-20,267045,,I,,G0299,152.00,12,2026-09-28
SYN-MBI-000125,V267045008965005,008965,2026-08-22,2026-08-22,267045,,I,,G0299,152.00,12,2026-09-25
SYN-MBI-000125,V267045008965006,008965,2026-08-24,2026-08-24,267045,,I,,G0299,152.00,12,2026-09-25
SYN-MBI-000125,V267045008965007,008965,2026-08-27,2026-08-27,267045,,I,,G0299,152.00,12,2026-10-08
SYN-MBI-000125,V267045008965008,008965,2026-08-29,2026-08-29,267045,,I,,G0299,152.00,12,2026-10-15
SYN-MBI-000125,V267045008965009,008965,2026-08-31,2026-08-31,267045,,I,,G0299,152.00,12,2026-10-29
SYN-MBI-000125,V267045008965010,008965,2026-09-03,2026-09-03,267045,,I,,G0299,152.00,12,2026-10-06
SYN-MBI-000125,V267045008965011,008965,2026-09-05,2026-09-05,267045,,I,,G0299,152.00,12,2026-10-18
SYN-MBI-000125,D1546302977008965012,008965,2026-08-14,2026-08-14,,1546302977,P,,E0260,310.00,12,2026-10-07
SYN-MBI-000125,D1546302977008965013,008965,2026-08-14,2026-08-14,,1546302977,P,,E0163,180.00,12,2026-10-10
SYN-MBI-000125,T1730289455008965014,008965,2026-08-16,2026-08-16,,1730289455,P,,97161,105.00,11,2026-10-02
SYN-MBI-000125,T1730289455008965015,008965,2026-08-18,2026-08-18,,1730289455,P,,97110,85.00,11,2026-10-14
SYN-MBI-000125,T1730289455008965016,008965,2026-08-20,2026-08-20,,1730289455,P,,97110,85.00,11,2026-10-02
SYN-MBI-000125,T1730289455008965017,008965,2026-08-22,2026-08-22,,1730289455,P,,97110,85.00,11,2026-09-24
SYN-MBI-000125,T1730289455008965018,008965,2026-08-24,2026-08-24,,1730289455,P,,97110,85.00,11,2026-10-11
SYN-MBI-000125,T1730289455008965019,008965,2026-08-26,2026-08-26,,1730289455,P,,97110,85.00,11,2026-10-10
SYN-MBI-000125,T1730289455008965020,008965,2026-08-28,2026-08-28,,1730289455,P,,97110,85.00,11,2026-09-27
SYN-MBI-000125,T1730289455008965021,008965,2026-08-30,2026-08-30,,1730289455,P,,97110,85.00,11,2026-10-16
SYN-MBI-000125,T1730289455008965022,008965,2026-09-01,2026-09-01,,1730289455,P,,97110,85.00,11,2026-10-20
SYN-MBI-000125,T1730289455008965023,008965,2026-09-03,2026-09-03,,1730289455,P,,97110,85.00,11,2026-10-23
SYN-MBI-000125,T1730289455008965024,008965,2026-09-05,2026-09-05,,1730289455,P,,97110,85.00,11,2026-10-20
SYN-MBI-000125,T1730289455008965025,008965,2026-09-07,2026-09-07,,1730289455,P,,97110,85.00,11,2026-10-21
SYN-MBI-000125,T1730289455008965026,008965,2026-09-09,2026-09-09,,1730289455,P,,97110,85.00,11,2026-10-30
SYN-MBI-000126,D1546302977009125001,009125,2026-08-13,2026-08-13,,1546302977,P,,E0163,180.00,12,2026-09-16
SYN-MBI-000126,D1546302977009125002,009125,2026-08-13,2026-08-13,,1546302977,P,,E0170,265.00,12,2026-09-17
SYN-MBI-000126,T1730289455009125003,009125,2026-08-18,2026-08-18,,1730289455,P,,97161,105.00,11,2026-10-03
SYN-MBI-000126,T1730289455009125004,009125,2026-08-20,2026-08-20,,1730289455,P,,97110,85.00,11,2026-10-10
SYN-MBI-000126,T1730289455009125005,009125,2026-08-22,2026-08-22,,1730289455,P,,97110,85.00,11,2026-10-20
SYN-MBI-000126,T1730289455009125006,009125,2026-08-24,2026-08-24,,1730289455,P,,97110,85.00,11,2026-10-02
SYN-MBI-000126,T1730289455009125007,009125,2026-08-26,2026-08-26,,1730289455,P,,97110,85.00,11,2026-10-09
SYN-MBI-000126,T1730289455009125008,009125,2026-08-28,2026-08-28,,1730289455,P,,97110,85.00,11,2026-10-16
SYN-MBI-000126,T1730289455009125009,009125,2026-08-30,2026-08-30,,1730289455,P,,97110,85.00,11,2026-10-13
SYN-MBI-000126,T1730289455009125010,009125,2026-09-01,2026-09-01,,1730289455,P,,97110,85.00,11,2026-10-08
SYN-MBI-000127,A265103009205001,009205,2026-08-18,2026-08-31,265103,,I,,,8988.00,31,2026-10-04
SYN-MBI-000127,D1546302977009205002,009205,2026-08-18,2026-08-18,,1546302977,P,,E0143,143.00,12,2026-10-02
SYN-MBI-000127,T1730289455009205003,009205,2026-09-09,2026-09-09,,1730289455,P,,97161,105.00,11,2026-11-03
SYN-MBI-000127,T1730289455009205004,009205,2026-09-11,2026-09-11,,1730289455,P,,97110,85.00,11,2026-11-01
SYN-MBI-000127,T1730289455009205005,009205,2026-09-13,2026-09-13,,1730289455,P,,97110,85.00,11,2026-10-28
SYN-MBI-000127,T1730289455009205006,009205,2026-09-15,2026-09-15,,1730289455,P,,97110,85.00,11,2026-10-29
SYN-MBI-000128,D1546302977009365001,009365,2026-08-19,2026-08-19,,1546302977,P,,E0260,310.00,12,2026-09-21
SYN-MBI-000128,D1546302977009365002,009365,2026-08-22,2026-08-22,,1546302977,P,,E0163,180.00,12,2026-10-05
SYN-MBI-000128,D1546302977009365003,009365,2026-08-22,2026-08-22,,1546302977,P,,E0143,143.00,12,2026-10-18
SYN-MBI-000128,T1730289455009365004,009365,2026-08-24,2026-08-24,,1730289455,P,,97161,105.00,11,2026-10-02
SYN-MBI-000128,T1730289455009365005,009365,2026-08-26,2026-08-26,,1730289455,P,,97110,85.00,11,2026-10-12
SYN-MBI-000128,T1730289455009365006,009365,2026-08-28,2026-08-28,,1730289455,P,,97110,85.00,11,2026-10-11
SYN-MBI-000128,T1730289455009365007,009365,2026-08-30,2026-08-30,,1730289455,P,,97110,85.00,11,2026-10-28
SYN-MBI-000128,T1730289455009365008,009365,2026-09-01,2026-09-01,,1730289455,P,,97110,85.00,11,2026-10-16
SYN-MBI-000128,T1730289455009365009,009365,2026-09-03,2026-09-03,,1730289455,P,,97110,85.00,11,2026-10-31
SYN-MBI-000128,T1730289455009365010,009365,2026-09-05,2026-09-05,,1730289455,P,,97110,85.00,11,2026-10-23
SYN-MBI-000128,T1730289455009365011,009365,2026-09-07,2026-09-07,,1730289455,P,,97110,85.00,11,2026-10-07
SYN-MBI-000128,T1730289455009365012,009365,2026-09-09,2026-09-09,,1730289455,P,,97110,85.00,11,2026-10-14
SYN-MBI-000128,T1730289455009365013,009365,2026-09-11,2026-09-11,,1730289455,P,,97110,85.00,11,2026-10-25
SYN-MBI-000128,T1730289455009365014,009365,2026-09-13,2026-09-13,,1730289455,P,,97110,85.00,11,2026-10-26
SYN-MBI-000128,T1730289455009365015,009365,2026-09-15,2026-09-15,,1730289455,P,,97110,85.00,11,2026-10-27
SYN-MBI-000128,T1730289455009365016,009365,2026-09-17,2026-09-17,,1730289455,P,,97110,85.00,11,2026-10-29
SYN-MBI-000129,A263025009446001,009446,2026-08-22,2026-09-01,263025,,I,,,18535.00,61,2026-10-03
SYN-MBI-000129,T1730289455009446002,009446,2026-09-13,2026-09-13,,1730289455,P,,97161,105.00,11,2026-10-15
SYN-MBI-000129,T1730289455009446003,009446,2026-09-15,2026-09-15,,1730289455,P,,97110,85.00,11,2026-10-18
SYN-MBI-000129,T1730289455009446004,009446,2026-09-17,2026-09-17,,1730289455,P,,97110,85.00,11,2026-10-31
SYN-MBI-000129,T1730289455009446005,009446,2026-09-19,2026-09-19,,1730289455,P,,97110,85.00,11,2026-11-14
SYN-MBI-000129,T1730289455009446006,009446,2026-09-21,2026-09-21,,1730289455,P,,97110,85.00,11,2026-10-25
SYN-MBI-000130,D1546302977009526001,009526,2026-08-24,2026-08-24,,1546302977,P,,E0114,95.00,12,2026-09-30
SYN-MBI-000130,D1546302977009526002,009526,2026-08-24,2026-08-24,,1546302977,P,,E0170,265.00,12,2026-10-08
SYN-MBI-000130,D1546302977009526003,009526,2026-08-25,2026-08-25,,1546302977,P,,E0143,143.00,12,2026-10-19
SYN-MBI-000130,T1730289455009526004,009526,2026-08-29,2026-08-29,,1730289455,P,,97161,105.00,11,2026-10-16
SYN-MBI-000130,T1730289455009526005,009526,2026-08-31,2026-08-31,,1730289455,P,,97110,85.00,11,2026-10-15
SYN-MBI-000130,T1730289455009526006,009526,2026-09-02,2026-09-02,,1730289455,P,,97110,85.00,11,2026-10-19
SYN-MBI-000130,T1730289455009526007,009526,2026-09-04,2026-09-04,,1730289455,P,,97110,85.00,11,2026-10-20
SYN-MBI-000130,T1730289455009526008,009526,2026-09-06,2026-09-06,,1730289455,P,,97110,85.00,11,2026-11-01
SYN-MBI-000130,T1730289455009526009,009526,2026-09-08,2026-09-08,,1730289455,P,,97110,85.00,11,2026-10-29
SYN-MBI-000130,T1730289455009526010,009526,2026-09-10,2026-09-10,,1730289455,P,,97110,85.00,11,2026-10-18
